<film copyable="0" duration="4.1" published="0" pshare="0" isWide="1">
  <meta>
    <title><![CDATA[dg]]></title>
    <tag><![CDATA[]]></tag>
    <hiddenTag><![CDATA[retro,red_snuggle,matchBoy,rosie]]></hiddenTag>
    <desc><![CDATA[]]></desc>
    <mver><![CDATA[4]]></mver>
    <studio>d7446f28669693f5b7a35d41831e43c3662c48bf</studio>
    <thumbnail index="0"/>
    <palette>
      <color value="333333"/>
      <color value="999999"/>
      <color value="fbfbfb"/>
      <color value="669999"/>
      <color value="55bbaa"/>
      <color value="7fbb11"/>
      <color value="15709b"/>
      <color value="9a5d1"/>
      <color value="6ab8d6"/>
      <color value="da2021"/>
      <color value="fecd31"/>
      <color value="28c6c1"/>
      <color value="37444f"/>
    </palette>
  </meta>
  <scene id="SCENE0" adelay="99" lock="N" index="0" color="16777215" guid="83F50032-F9A5-9A7A-6DB6-DB9B4DC01265" combgId="custom.cbg_bar">
    <durationSetting countMinimum="1" countTransition="1" countAction="1" countBubble="1" countSpeech="1"/>
    <bg id="cbg_bar_BG2" index="0">
      <file>custom.bar_bg.swf</file>
    </bg>
    <char id="AVATOR142" index="12" raceCode="0">
      <action face="1,1" motionface="1">retro.red_snuggle.surprised.swf</action>
      <head id="PROP15">
        <file>retro.Eddy.head.head_cry.swf</file>
      </head>
      <x>343.5,219.65,214.9,33.35</x>
      <y>258.95,218.85,209.2,417.525</y>
      <xscale>1,0.8328761</xscale>
      <yscale>1,0.8328761</yscale>
      <rotation>0,-140.7602389</rotation>
      <assetMotion ver="2"/>
    </char>
    <char id="AVATOR145" index="13" raceCode="0">
      <action face="1" motionface="1">retro.matchBoy.threaten.swf</action>
      <x>497.4448004</x>
      <y>279.45</y>
      <xscale>1</xscale>
      <yscale>1</yscale>
      <rotation>0</rotation>
    </char>
    <char id="AVATOR150" index="14" raceCode="0">
      <action face="-1" motionface="1">retro.rosie.14_cry.swf</action>
      <x>216.15</x>
      <y>213.7</y>
      <xscale>1</xscale>
      <yscale>1</yscale>
      <rotation>0</rotation>
    </char>
    <prop id="cbg_bar_PROP16" index="10" attached="Y">
      <file>custom.bar_light_02.swf</file>
      <x>122</x>
      <y>104</y>
      <xscale>1</xscale>
      <yscale>1</yscale>
      <face>1</face>
      <rotation>-41.9</rotation>
    </prop>
    <prop id="cbg_bar_PROP15" index="9" attached="Y">
      <file>custom.bar_light_01.swf</file>
      <x>309</x>
      <y>69</y>
      <xscale>1.18</xscale>
      <yscale>1.18</yscale>
      <face>1</face>
      <rotation>0</rotation>
    </prop>
    <prop id="cbg_bar_PROP14" index="8" attached="Y">
      <file>custom.bar_light_01.swf</file>
      <x>452</x>
      <y>103</y>
      <xscale>1.06</xscale>
      <yscale>1.06</yscale>
      <face>1</face>
      <rotation>0</rotation>
    </prop>
    <prop id="cbg_bar_PROP69" index="7" attached="Y">
      <file>custom.bar_stool.swf</file>
      <x>538</x>
      <y>360</y>
      <xscale>1.15</xscale>
      <yscale>1.15</yscale>
      <face>1</face>
      <rotation>0</rotation>
    </prop>
    <prop id="cbg_bar_PROP68" index="6" attached="Y">
      <file>custom.bar_stool.swf</file>
      <x>420</x>
      <y>325</y>
      <xscale>1</xscale>
      <yscale>1</yscale>
      <face>1</face>
      <rotation>0</rotation>
    </prop>
    <prop id="cbg_bar_PROP67" index="5" attached="Y">
      <file>custom.bar_stool.swf</file>
      <x>321</x>
      <y>291</y>
      <xscale>0.78</xscale>
      <yscale>0.78</yscale>
      <face>1</face>
      <rotation>0</rotation>
    </prop>
    <prop id="cbg_bar_PROP66" index="4" attached="Y">
      <file>custom.bar_stool.swf</file>
      <x>256</x>
      <y>269</y>
      <xscale>0.66</xscale>
      <yscale>0.66</yscale>
      <face>1</face>
      <rotation>0</rotation>
    </prop>
    <prop id="cbg_bar_PROP65" index="3" attached="Y">
      <file>custom.bar_stool.swf</file>
      <x>205.0605</x>
      <y>248.9645</y>
      <xscale>0.58</xscale>
      <yscale>0.58</yscale>
      <face>1</face>
      <rotation>0</rotation>
    </prop>
    <prop id="cbg_bar_PROP64" index="2" attached="Y">
      <file>custom.bar_table.swf</file>
      <x>409</x>
      <y>296</y>
      <xscale>1</xscale>
      <yscale>1</yscale>
      <face>1</face>
      <rotation>0</rotation>
    </prop>
    <prop id="cbg_bar_PROP63" index="1" attached="Y">
      <file>custom.msp_bar_door.msp_bar_door_bar_door_close.swf</file>
      <x>146.025</x>
      <y>158.875</y>
      <xscale>1</xscale>
      <yscale>1</yscale>
      <face>1</face>
      <rotation>0</rotation>
    </prop>
    <prop id="PROP13" index="11">
      <file>retro.bannerA.swf</file>
      <x>309.1</x>
      <y>97.3</y>
      <xscale>0.5900854</xscale>
      <yscale>0.5900854</yscale>
      <face>1</face>
      <rotation>0</rotation>
    </prop>
    <effectAsset id="EFFECT0" themecode="common" index="15">
      <effect x="0" y="0" w="550" h="310" rotate="0" id="cut" type="ZOOM" isCut="true" isPan="false"/>
      <x>47</x>
      <y>24</y>
      <width>550</width>
      <height>354</height>
      <speech>0</speech>
    </effectAsset>
    <aTranList>
      <aTran id="0" target="AVATOR142" type="MotionPath" atype="Character" direction="2" section="6" timing="3" duration="24" delay="0">null</aTran>
    </aTranList>
  </scene>
</film>